Journal,ISSN,eISSN,Press,Area,Rate
Academy of Management Review,0363-7425,1930-3807,AOM,GenMan,AAA
Administrative Science Quarterly,0001-8392,NA,Sage,GenMan,AAA
American Economic Review,0002-8282,1944-7981,AEA,GenEcon,AAA
Econometrica,0012-9682,1468-0262,Wiley,GenEcon,AAA
Journal of Finance,0022-1082,1540-6261,Wiley,Fin,AAA
Journal of Political Economy,0022-3808,1537-534X,Chicago,GenEcon,AAA
Quarterly Journal of Economics,0033-5533,1531-4650,Oxford,GenEcon,AAA
Review of Economic Studies,0034-6527,1467-937X,Wiley,GenEcon,AAA
Academy of Management Journal,0001-4273,1948-0989,AOM,GenMan,AA
Accounting Review,0001-4826,1558-7967,AAA,AccAud,AA
Econometric Theory,0266-4666,1469-4360,Cambridge,EconStat,AA
Economic Journal,0013-0133,1468-0297,Wiley,GenEcon,AA
Information Systems Research,1047-7047,1526-5536,Informs,InfSyst,AA
International Economic Review,0020-6598,1468-2354,Wiley,GenEcon,AA
Journal of Accounting and Economics,0165-4101,NA,Elsevier,AccAud,AA
Journal of Accounting Research,0021-8456,1475-679X,Wiley,AccAud,AA
Journal of Business and Economic Statistics,0735-0015,1537-2707,Taylor,EconStat,AA
Journal of Business Venturing,0883-9026,NA,Elsevier,InnovEntrSB,AA
Journal of Consumer Research,0093-5301,1537-5277,Oxford,Mkt,AA
Journal of Econometrics,0304-4076,NA,Elsevier,EconStat,AA
Journal of Economic Literature,0022-0515,NA,AEA,GenEcon,AA
Journal of Economic Perspectives,0895-3309,NA,AEA,GenEcon,AA
Journal of Economic Theory,0022-0531,1095-7235,Elsevier,Theory,AA
Journal of Financial and Quantitative Analysis,0022-1090,1756-6916,Cambridge,Fin,AA
Journal of Financial Economics,0304-405X,NA,Elsevier,Fin,AA
Journal of International Business Studies,0047-2506,1478-6990,Palgrave,StratIM,AA
Journal of International Economics,0022-1996,NA,Elsevier,Macro,AA
Journal of Labor Economics,0734-306X,1537-5307,Chicago,LaborPop,AA
Journal of Management Studies,0022-2380,1467-6486,Wiley,GenMan,AA
Journal of Marketing,0022-2429,1547-7185,AMA,Mkt,AA
Journal of Marketing Research,0022-2437,1547-7193,AMA,Mkt,AA
Journal of Monetary Economics,0304-3932,NA,Elsevier,Macro,AA
Journal of Operations Management,0272-6963,NA,Elsevier,ProdOper,AA
Journal of the European Economic Association,1542-4766,1542-4774,Wiley,GenEcon,AA
Management Science,0025-1909,1526-5501,Informs,OR,AA
Marketing Science,0732-2399,1526-548X,Informs,Mkt,AA
MIS Quarterly,0276-7783,NA,Other,InfSyst,AA
Operations Research,0030-364X,1526-5463,Informs,OR,AA
Organization Science,1047-7039,1526-5455,Informs,OrgPsy,AA
Organizational Behavior and Human Decision Processes,0749-5978,1095-9920,Elsevier,OrgPsy,AA
Personnel Psychology,0031-5826,1744-6570,Wiley,HRM,AA
RAND Journal of Economics,0741-6261,1756-2171,Wiley,Micro,AA
Review of Economics and Statistics,0034-6535,1530-9142,MIT,GenEcon,AA
Review of Finance,1572-3097,1573-692X,Oxford,Fin,AA
Review of Financial Studies,0893-9454,1465-7368,Oxford,Fin,AA
Strategic Management Journal,0143-2095,1097-0266,Wiley,StratIM,AA
Academy of Management Annals,1941-6520,1941-6067,Taylor,GenMan,A
Academy of Management Learning and Education,1537-260X,1944-9585,AOM,HRM,A
Academy of Management Perspectives,1558-9080,1943-4529,AOM,GenMan,A
"Accounting, Organizations and Society",0361-3682,NA,Elsevier,AccAud,A
American Economic Journal - Applied Economics,1945-7782,1945-7790,AEA,Micro,A
American Economic Journal - Economic Policy,1945-7731,1945-774X,AEA,PubPolicy,A
American Economic Journal - Macroeconomics,1945-7707,1945-7715,AEA,Macro,A
American Economic Journal - Microeconomics,1945-7669,1945-7685,AEA,Micro,A
American Journal of Sociology,0002-9602,1537-5390,Chicago,SocialSc,A
American Sociological Review,0003-1224,1939-8271,Sage,SocialSc,A
Annals of Statistics,0090-5364,NA,Other,EconStat,A
Annual Review of Economics,1941-1383,1941-1391,AR,GenEcon,A
Annual Review of Financial Economics,1941-1367,1941-1375,AR,Fin,A
Annual Review of Psychology,0066-4308,1545-2085,AR,SocialPsy,A
Annual Review of Sociology,0360-0572,1545-2115,AR,SocialPsy,A
Biometrika,0006-3444,1464-3510,Oxford,EconStat,A
Brookings Papers on Economic Activity,0007-2303,1533-4465,Other,Macro,A
Communications of the ACM,0001-0782,NA,ACM,InfSyst,A
Contemporary Accounting Research,0823-9150,1911-3846,Wiley,AccAud,A
Demography,0070-3370,1533-7790,Springer,LaborPop,A
Econometrics Journal,1368-4221,1368-423X,Wiley,EconStat,A
Economic Geography,0013-0095,1944-8287,Wiley,UrbReg,A
Economic Policy,0266-4658,1468-0327,Oxford,PubPolicy,A
Economic Theory,0938-2259,1432-0479,Springer,Theory,A
Entrepreneurship Theory and Practice,1042-2587,1540-6520,Wiley,InnovEntrSB,A
European Economic Review,0014-2921,NA,Elsevier,GenEcon,A
European Journal of Operational Research,0377-2217,NA,Elsevier,OR,A
Experimental Economics,1386-4157,1573-6938,Springer,Theory,A
Finance and Stochastics,0949-2984,1432-1122,Springer,Fin,A
Games and Economic Behavior,0899-8256,1090-2473,Elsevier,Theory,A
Global Environmental Change - Human and Policy Dimensions,0959-3780,NA,Elsevier,AgrEnvEn,A
Global Strategy Journal,2042-5791,2042-5805,Wiley,StratIM,A
Health Economics,1057-9230,1099-1050,Wiley,Health,A
Human Relations,0018-7267,1741-282X,Sage,HRM,A
ILR Review,0019-7939,2162-271X,Sage,HRM,A
IMF Economic Review,2041-4161,2041-417X,Palgrave,Macro,A
Industrial Relations,0019-8676,1468-232X,Wiley,HRM,A
International Journal of Management Reviews,1460-8545,1468-2370,Wiley,GenMan,A
International Journal of Research in Marketing,0167-8116,NA,Elsevier,Mkt,A
International Organization,0020-8183,1531-5088,Cambridge,PolitRel,A
Journal of Applied Econometrics,0883-7252,1099-1255,Wiley,EconStat,A
Journal of Applied Psychology,0021-9010,1939-1854,APA,OrgPsy,A
Journal of Conflict Resolution,0022-0027,1552-8766,Sage,PolitRel,A
Journal of Development Economics,0304-3878,NA,Elsevier,DevTrans,A
Journal of Economic Geography,1468-2702,1468-2710,Oxford,UrbReg,A
Journal of Economic Growth,1381-4338,1573-7020,Springer,Macro,A
Journal of Economic History,0022-0507,1471-6372,Cambridge,History,A
Journal of Economics and Management Strategy,1058-6407,1530-9134,Wiley,Micro,A
Journal of Environmental Economics and Management,0095-0696,1096-0449,Elsevier,AgrEnvEn,A
Journal of Experimental Social Psychology,0022-1031,1096-0465,Elsevier,SocialPsy,A
Journal of Financial Econometrics,1479-8409,1479-8417,Oxford,EconStat,A
Journal of Financial Intermediation,1042-9573,1096-0473,Elsevier,MarkFin,A
Journal of Financial Markets,1386-4181,NA,Elsevier,MarkFin,A
Journal of Health Economics,0167-6296,NA,Elsevier,Health,A
Journal of Human Resources,0022-166X,1548-8004,Wisconsin,LaborPop,A
Journal of Industrial Economics,0022-1821,1467-6451,Wiley,Micro,A
Journal of Information Technology,0268-3962,1466-4437,Palgrave,InfSyst,A
Journal of Law and Economics,0022-2186,1537-5285,Chicago,Law,A
Journal of Management,0149-2063,1557-1211,Sage,GenMan,A
Journal of Management Information Systems,0742-1222,1557-928X,Taylor,InfSyst,A
"Journal of Money, Credit and Banking",0022-2879,1538-4616,Wiley,Macro,A
Journal of Organizational Behavior,0894-3796,1099-1379,Wiley,OrgPsy,A
Journal of Personality and Social Psychology,0022-3514,1939-1315,APA,SocialPsy,A
Journal of Policy Analysis and Management,0276-8739,1520-6688,Wiley,PubAdm,A
Journal of Public Economics,0047-2727,NA,Elsevier,PubPolicy,A
Journal of Service Research,1094-6705,1552-7379,Sage,Sector,A
Journal of the Academy of Marketing Science,0092-0703,1552-7824,Springer,Mkt,A
Journal of the American Statistical Association,0162-1459,1537-274X,Taylor,EconStat,A
"Journal of the Royal Statistical Society, Series A - Statistics in Society",0964-1998,1467-985X,Wiley,EconStat,A
"Journal of the Royal Statistical Society, Series B - Statistical Methodology",1369-7412,1467-9868,Wiley,EconStat,A
Journal of Urban Economics,0094-1190,1095-9068,Elsevier,UrbReg,A
Journal of Vocational Behavior,0001-8791,1095-9084,Elsevier,HRM,A
Leadership Quarterly,1048-9843,NA,Elsevier,OrgPsy,A
M&SOM: Manufacturing and Service Operations Management,1523-4614,1526-5498,Informs,ProdOper,A
Mathematical Finance,0960-1627,1467-9965,Wiley,Fin,A
Mathematical Programming,0025-5610,1436-4646,Springer,OR,A
Mathematics of Operations Research,0364-765X,1526-5471,Informs,OR,A
Milbank Quarterly,0887-378X,1468-0009,Wiley,Health,A
Organization Studies,0170-8406,1741-3044,Sage,OrgPsy,A
Organizational Research Methods,1094-4281,1552-7425,Sage,OrgPsy,A
Personality and Social Psychology Bulletin,0146-1672,1552-7433,Sage,SocialPsy,A
Politics and Society,0032-3292,1552-7514,Sage,PolitRel,A
Psychological Bulletin,0033-2909,1939-1455,APA,SocialPsy,A
Psychological Review,0033-295X,1939-1471,APA,SocialPsy,A
Psychological Science,0956-7976,1467-9280,Sage,SocialPsy,A
Public Opinion Quarterly,0033-362X,1537-5331,Oxford,SocialSc,A
QME - Quantitative Marketing and Economics,1570-7156,1573-711X,Springer,Mkt,A
Quantitative Economics,1759-7323,1759-7331,Wiley,GenEcon,A
Quarterly Journal of Political Science,1554-0626,1554-0634,Now,PolitRel,A
Research in Organizational Behavior,0191-3085,NA,Elsevier,OrgPsy,A
Research Policy,0048-7333,NA,Elsevier,InnovEntrSB,A
Review of Accounting Studies,1380-6653,1573-7136,Springer,AccAud,A
Review of Economic Dynamics,1094-2025,1096-6099,Elsevier,Macro,A
Review of Environmental Economics and Policy,1750-6816,1750-6824,Oxford,AgrEnvEn,A
Sociological Methodology,0081-1750,1467-9531,Sage,SocialSc,A
Sociology,0038-0385,1469-8684,Sage,SocialSc,A
Strategic Organization,1476-1270,1741-315X,Sage,StratIM,A
Structural Equation Modeling,1070-5511,1532-8007,Taylor,EconStat,A
Theoretical Economics,1933-6837,1555-7561,Wiley,Theory,A
Transportation Research B - Methodological,0191-2615,NA,Elsevier,Transport,A
Transportation Science,0041-1655,1526-5447,Informs,Transport,A
World Bank Economic Review,0258-6770,1564-698X,Oxford,DevTrans,A
World Bank Research Observer,0257-3032,1564-6971,Oxford,DevTrans,A
Accident Analysis and Prevention,0001-4575,NA,Elsevier,ProdOper,B
American Journal of Agricultural Economics,0002-9092,1467-8276,Oxford,AgrEnvEn,B
American Law and Economics Review,1465-7252,1465-7260,Oxford,Law,B
Annals of Operations Research,0254-5330,1572-9338,Springer,OR,B
Annals of Tourism Research,0160-7383,NA,Elsevier,Leisure,B
Annual Review of Resource Economics,1941-1340,1941-1359,AR,AgrEnvEn,B
Applied Psychological Measurement,0146-6216,1552-3497,Sage,Theory,B
Applied Psychology: An International Review,0269-994X,1464-0597,Wiley,OrgPsy,B
Asia Pacific Journal of Management,0217-4561,1572-9958,Springer,GenMan,B
B. E. Journal of Economic Analysis and Policy (Frontiers),2194-6108,1935-1682,Gruyter,Micro,B
British Journal of Industrial Relations,0007-1080,1467-8543,Wiley,HRM,B
British Journal of Management,1045-3172,1467-8551,Wiley,GenMan,B
British Journal of Psychology,0007-1269,2044-8295,Wiley,SocialPsy,B
British Journal of Social Psychology,0144-6665,2044-8309,Wiley,SocialPsy,B
British Journal of Sociology,0007-1315,1468-4446,Wiley,SocialSc,B
Business and Society,0007-6503,1552-4205,Sage,SocialSc,B
Business Ethics Quarterly,1052-150X,2153-3326,Cambridge,Sector,B
Business Strategy and the Environment,0964-4733,1099-0836,Wiley,StratIM,B
California Management Review,0008-1256,2162-8564,Other,GenMan,B
Cambridge Journal of Economics,0309-166X,1464-3545,Oxford,GenEcon,B
"Cambridge Journal of Regions, Economy and Society",1752-1378,1752-1386,Oxford,UrbReg,B
Canadian Journal of Economics / Revue Canadienne d'Économique,0008-4085,1540-5982,Wiley,GenEcon,B
China Economic Review,1043-951X,NA,Elsevier,DevTrans,B
China Quarterly,0305-7410,1468-2648,Cambridge,PolitRel,B
Computational Statistics and Data Analysis,0167-9473,NA,Elsevier,EconStat,B
Computers and Operations Research,0305-0548,NA,Elsevier,OR,B
Conflict Management and Peace Science,0738-8942,1549-9219,Sage,PolitRel,B
Decision Sciences,0011-7315,1540-5915,Wiley,OR,B
Decision Support Systems and Electronic Commerce,0167-9236,NA,Elsevier,InfSyst,B
Development and Change,0012-155X,1467-7660,Wiley,DevTrans,B
Ecological Economics,0921-8009,NA,Elsevier,AgrEnvEn,B
Econometric Reviews,0747-4938,1532-4168,Taylor,EconStat,B
Economic Development and Cultural Change,0013-0079,1539-2988,Chicago,DevTrans,B
Economic History Review,0013-0117,1468-0289,Wiley,History,B
Economic Inquiry,0095-2583,1465-7295,Wiley,GenEcon,B
Economic Systems Research,0953-5314,1469-5758,Taylor,DevTrans,B
Economica,0013-0427,1468-0335,Wiley,GenEcon,B
Economics and Human Biology,1570-677X,NA,Elsevier,SocialSc,B
Economics of Education Review,0272-7757,NA,Elsevier,LaborPop,B
Economy and Society,0308-5147,1469-5766,Taylor,SocialSc,B
Energy Economics,0140-9883,1873-6181,Elsevier,AgrEnvEn,B
Energy Journal,0195-6574,NA,Other,AgrEnvEn,B
Energy Policy,0301-4215,NA,Elsevier,AgrEnvEn,B
Environment and Planning A,0308-518X,1472-3409,Sage,UrbReg,B
Environment and Planning D: Society and Space,0263-7758,1472-3433,Sage,UrbReg,B
Environmental and Resource Economics,0924-6460,1573-1502,Springer,AgrEnvEn,B
Environmental Science and Policy,1462-9011,NA,Elsevier,AgrEnvEn,B
European Financial Management,1354-7798,1468-036X,Wiley,Fin,B
European Journal of Information Systems,0960-085X,1476-9344,Palgrave,InfSyst,B
European Journal of Population / Revue Européene de Démographie,0168-6577,1572-9885,Springer,LaborPop,B
European Journal of Public Health,1101-1262,1464-360X,Oxford,Health,B
European Journal of Social Psychology,0046-2772,1099-0992,Wiley,SocialPsy,B
European Journal of Work and Organizational Psychology,1359-432X,1464-0643,Taylor,OrgPsy,B
European Review of Agricultural Economics,0165-1587,1464-3618,Oxford,AgrEnvEn,B
European Review of Economic History,1361-4916,1474-0044,Cambridge,History,B
European Urban and Regional Studies,0969-7764,1461-7145,Sage,UrbReg,B
Explorations in Economic History,0014-4983,NA,Elsevier,History,B
Family Business Review,0894-4865,1741-6248,Wiley,InnovEntrSB,B
Financial Analysts Journal,0015-198X,NA,Other,MarkFin,B
Financial Management,0046-3892,1755-053X,Wiley,Fin,B
Food Policy,0306-9192,NA,Elsevier,AgrEnvEn,B
"Gender, Work and Organization",0968-6673,1468-0432,Wiley,HRM,B
Global Networks - A Journal of Transnational Affairs,1470-2266,1471-0374,Wiley,PolitRel,B
"Governance: An International Journal of Policy, Administration and Institutions",0952-1895,1468-0491,Wiley,PubAdm,B
Group and Organization Management,1059-6011,1552-3993,Sage,OrgPsy,B
Group Processes and Intergroup Relations,1368-4302,1461-7188,Sage,OrgPsy,B
Harvard Business Review,0017-8012,NA,Other,GenMan,B
Health Services Research,0017-9124,1475-6773,Other,Health,B
Human Performance,0895-9285,1532-7043,Taylor,HRM,B
Human Resource Management,0090-4848,1099-050X,Wiley,HRM,B
Human Resource Management Journal,0954-5395,1748-8583,Wiley,HRM,B
Human Resource Management Review,1053-4822,NA,Elsevier,HRM,B
IIE Transactions,0740-817X,1545-8830,Taylor,ProdOper,B
Industrial and Corporate Change,0960-6491,1464-3650,Oxford,Micro,B
Information and Management,0378-7206,NA,Elsevier,InfSyst,B
Information and Organization,1471-7727,NA,Elsevier,InfSyst,B
Information Systems Journal,1350-1917,1365-2575,Wiley,InfSyst,B
INFORMS Journal on Computing,1091-9856,1526-5528,Informs,InfSyst,B
Insurance: Mathematics and Economics,0167-6687,NA,Elsevier,MarkFin,B
International Journal of Central Banking,1815-4654,NA,Other,Macro,B
International Journal of Electronic Commerce,1086-4415,1557-9301,Taylor,InfSyst,B
International Journal of Forecasting,0169-2070,NA,Elsevier,EconStat,B
International Journal of Game Theory,0020-7276,1432-1270,Springer,Theory,B
International Journal of Industrial Organization,0167-7187,NA,Elsevier,Micro,B
International Journal of Production Economics,0925-5273,NA,Elsevier,ProdOper,B
International Journal of Urban and Regional Research,0309-1317,1468-2427,Wiley,UrbReg,B
International Statistical Review,0306-7734,1751-5823,Wiley,EconStat,B
JCMS: Journal of Common Market Studies,0021-9886,1468-5965,Wiley,Macro,B
Journal of Advertising,0091-3367,1557-7805,Taylor,Mkt,B
Journal of Agrarian Change,1471-0358,1471-0366,Wiley,AgrEnvEn,B
Journal of Agricultural Economics,0021-857X,1477-9552,Wiley,AgrEnvEn,B
Journal of Banking and Finance,0378-4266,NA,Elsevier,MarkFin,B
Journal of Behavioral Decision Making,0894-3257,1099-0771,Wiley,Theory,B
Journal of Business and Psychology,0889-3268,1573-353X,Springer,OrgPsy,B
Journal of Business Logistics,0735-3766,2158-1592,Wiley,ProdOper,B
Journal of Comparative Economics,0147-5967,1095-7227,Elsevier,DevTrans,B
Journal of Consumer Psychology,1057-7408,1532-7663,Elsevier,Mkt,B
Journal of Corporate Finance,0929-1199,NA,Elsevier,Fin,B
Journal of Cross-Cultural Psychology,0022-0221,1552-5422,Sage,SocialPsy,B
Journal of Economic Behavior and Organization,0167-2681,NA,Elsevier,Theory,B
Journal of Economic Dynamics and Control,0165-1889,NA,Elsevier,Macro,B
Journal of Economic Inequality,1569-1721,1573-8701,Springer,LaborPop,B
Journal of Economic Psychology,0167-4870,NA,Elsevier,Theory,B
Journal of Economic Surveys,0950-0804,1467-6419,Wiley,GenEcon,B
Journal of Empirical Finance,0927-5398,NA,Elsevier,Fin,B
Journal of Environmental Management,0301-4797,1095-8630,Elsevier,AgrEnvEn,B
Journal of European Public Policy,1350-1763,1466-4429,Taylor,PubPolicy,B
Journal of Experimental Psychology: Applied,1076-898X,1939-2192,APA,SocialPsy,B
Journal of Financial Services Research,0920-8550,1573-0735,Springer,MarkFin,B
Journal of Financial Stability,1572-3089,NA,Elsevier,Fin,B
Journal of Higher Education,0022-1546,1538-4640,Other,SocialSc,B
Journal of Industrial Ecology,1088-1980,1530-9290,Wiley,AgrEnvEn,B
Journal of Interactive Marketing,1094-9968,1520-6653,Wiley,Mkt,B
Journal of International Management,1075-4253,NA,Elsevier,StratIM,B
Journal of International Marketing,1069-031X,1547-7215,AMA,Mkt,B
Journal of International Money and Finance,0261-5606,NA,Elsevier,Macro,B
"Journal of Law, Economics, and Organization",8756-6222,1465-7341,Oxford,Law,B
Journal of Legal Studies,0047-2530,1537-5366,Chicago,Law,B
Journal of Management Inquiry,1056-4926,1552-6542,Sage,GenMan,B
Journal of Mathematical Psychology,0022-2496,1096-0880,Elsevier,Theory,B
Journal of Multivariate Analysis,0047-259X,1095-7243,Elsevier,EconStat,B
Journal of Occupational and Organizational Psychology,0963-1798,2044-8325,Wiley,OrgPsy,B
Journal of Occupational Health Psychology,1076-8998,1939-1307,APA,OrgPsy,B
Journal of Optimization Theory and Applications,0022-3239,1573-2878,Springer,OR,B
Journal of Population Economics,0933-1433,1432-1475,Springer,LaborPop,B
Journal of Product Innovation Management,0737-6782,1540-5885,Wiley,InnovEntrSB,B
Journal of Public Administration: Research and Theory,1053-1858,1477-9803,Oxford,PubAdm,B
Journal of Public Policy and Marketing,0743-9156,NA,AMA,Mkt,B
Journal of Quality Technology,0022-4065,NA,Other,ProdOper,B
Journal of Regional Science,0022-4146,1467-9787,Wiley,UrbReg,B
Journal of Regulatory Economics,0922-680X,1573-0468,Springer,Micro,B
Journal of Retailing,0022-4359,NA,Elsevier,Mkt,B
Journal of Risk and Insurance,0022-4367,1539-6975,Wiley,MarkFin,B
Journal of Risk and Uncertainty,0895-5646,1573-0476,Springer,MarkFin,B
Journal of Scheduling,1094-6136,1099-1425,Springer,OR,B
Journal of Small Business Management,0047-2778,1540-627X,Wiley,InnovEntrSB,B
Journal of Strategic Information Systems,0963-8687,NA,Elsevier,InfSyst,B
Journal of Supply Chain Management,1523-2409,1745-493X,Wiley,ProdOper,B
Journal of Sustainable Tourism,0966-9582,1747-7646,Taylor,Leisure,B
Journal of the American Society for Information Science and Technology,1532-2882,1532-2890,Wiley,InfSyst,B
Journal of the Association for Information Systems,1536-9323,NA,AIS,InfSyst,B
"Journal of the Royal Statistical Society, Series C - Applied Statistics",0035-9254,1467-9876,Wiley,EconStat,B
Journal of Time Series Analysis,0143-9782,1467-9892,Wiley,EconStat,B
Journal of World Business,1090-9516,NA,Elsevier,StratIM,B
Judgment and Decision Making,1930-2975,NA,Other,Theory,B
Kyklos,0023-5962,1467-6435,Wiley,SocialSc,B
Labour Economics,0927-5371,NA,Elsevier,LaborPop,B
Land Economics,0023-7639,1543-8325,Wisconsin,AgrEnvEn,B
Long Range Planning,0024-6301,NA,Elsevier,StratIM,B
Macroeconomic Dynamics,1365-1005,1469-8056,Cambridge,Macro,B
Management and Organization Review,1740-8776,1740-8784,Wiley,GenMan,B
Marketing Letters,0923-0645,1573-059X,Springer,Mkt,B
MIT Sloan Management Review,1532-9194,NA,Other,GenMan,B
New Political Economy,1356-3467,1469-9923,Taylor,PolitRel,B
Omega - International Journal of Management Science,0305-0483,NA,Elsevier,OR,B
OR Spectrum,0171-6468,1436-6304,Springer,OR,B
Organization,1350-5084,1461-7323,Sage,OrgPsy,B
Oxford Bulletin of Economics and Statistics,0305-9049,1468-0084,Wiley,EconStat,B
Oxford Economic Papers,0030-7653,1464-3812,Oxford,GenEcon,B
Oxford Review of Economic Policy,0266-903X,1460-2121,Oxford,PubPolicy,B
Papers in Regional Science,1056-8190,1435-5957,Wiley,UrbReg,B
Personality and Individual Differences,0191-8869,NA,Elsevier,SocialPsy,B
PharmacoEconomics,1170-7690,1179-2027,Springer,Health,B
Political Studies,0032-3217,1467-9248,Wiley,PolitRel,B
Population and Development Review,0098-7921,1728-4457,Wiley,LaborPop,B
Production and Operations Management,1059-1478,1937-5956,Wiley,ProdOper,B
Psychological Research,0340-0727,1430-2772,Springer,SocialPsy,B
Psychology of Women Quarterly,0361-6843,1471-6402,Sage,SocialPsy,B
Public Administration,0033-3298,1467-9299,Wiley,PubAdm,B
Public Administration Review,0033-3352,1540-6210,Wiley,PubAdm,B
Public Choice,0048-5829,1573-7101,Springer,PubPolicy,B
Quality of Life Research,0962-9343,1573-2649,Springer,Health,B
Quantitative Finance,1469-7688,1469-7696,Taylor,Fin,B
Quarterly Journal of Experimental Psychology,1747-0218,1747-0226,Taylor,SocialPsy,B
R&D Management,0033-6807,1467-9310,Wiley,InnovEntrSB,B
Real Estate Economics,1080-8620,1540-6229,Wiley,MarkFin,B
Regional Science and Urban Economics,0166-0462,NA,Elsevier,UrbReg,B
Regional Studies,0034-3404,1360-0591,Taylor,UrbReg,B
Regulation and Governance,1748-5983,1748-5991,Wiley,PubAdm,B
Reliability Engineering and System Safety,0951-8320,NA,Elsevier,ProdOper,B
Resource and Energy Economics,0928-7655,NA,Elsevier,AgrEnvEn,B
Review of Income and Wealth,0034-6586,1475-4991,Wiley,LaborPop,B
Review of International Organizations,1559-7431,1559-744X,Springer,PolitRel,B
Review of International Political Economy,0969-2290,1466-4526,Taylor,PolitRel,B
Scandinavian Journal of Economics,0347-0520,1467-9442,Wiley,GenEcon,B
Scandinavian Journal of Statistics,0303-6898,1467-9469,Wiley,EconStat,B
"Science, Technology and Human Values",0162-2439,1552-8251,Sage,SocialSc,B
SIAM Journal on Financial Mathematics,1945-497X,1945-497X,Other,Fin,B
Small Business Economics,0921-898X,1573-0913,Springer,InnovEntrSB,B
Social Choice and Welfare,0176-1714,1432-217X,Springer,PubPolicy,B
Social Forces,0037-7732,1534-7605,Oxford,SocialSc,B
Social Science and Medicine,0277-9536,NA,Elsevier,Health,B
Socio-Economic Review,1475-1461,1475-147X,Oxford,SocialSc,B
Sociological Review,0038-0261,1467-954X,Wiley,SocialSc,B
Strategic Entrepreneurship Journal,1932-4391,1932-443X,Wiley,InnovEntrSB,B
Studies in Higher Education,0307-5079,1470-174X,Taylor,SocialSc,B
Supply Chain Management - An International Journal,1359-8546,NA,Emerald,ProdOper,B
Technological Forecasting and Social Change,0040-1625,NA,Elsevier,SocialSc,B
Technovation,0166-4972,NA,Elsevier,InnovEntrSB,B
Theory and Decision,0040-5833,1573-7187,Springer,Theory,B
"Theory, Culture and Society",0263-2764,1460-3616,Sage,SocialSc,B
Tourism Management,0261-5177,NA,Elsevier,Leisure,B
Transport Reviews,0144-1647,1464-5327,Taylor,Transport,B
Transportation,0049-4488,1572-9435,Springer,Transport,B
Transportation Research A - Policy and Practice,0965-8564,NA,Elsevier,Transport,B
Transportation Research D - Transport and Environment,1361-9209,NA,Elsevier,Transport,B
Transportation Research E - Logistics and Transportation Review,1366-5545,NA,Elsevier,ProdOper,B
Urban Studies,0042-0980,1360-063X,Sage,UrbReg,B
Value in Health,1098-3015,1524-4733,Wiley,Health,B
Water Resources Research,0043-1397,1937-5956,Wiley,AgrEnvEn,B
West European Politics,0140-2382,1743-9655,Taylor,PolitRel,B
Work and Occupations,0730-8884,1552-8464,Sage,HRM,B
Work and Stress,0267-8373,1464-5335,Taylor,HRM,B
"Work, Employment and Society",0950-0170,1469-8722,Sage,SocialSc,B
World Development,0305-750X,NA,Elsevier,DevTrans,B
World Economy,0378-5920,1467-9701,Wiley,Macro,B
4OR: A Quarterly Journal of Operations,1619-4500,1614-2411,Springer,OR,C
ABACUS - A Journal of Accounting Finance and Business Studies,0001-3072,1467-6281,Wiley,AccAud,C
Accounting and Business Research,0001-4788,2159-4260,Taylor,AccAud,C
Accounting Horizons,0888-7993,1558-7975,AAA,AccAud,C
ACM Transactions on Computer-Human Interaction,1073-0516,NA,ACM,InfSyst,C
ACM Transactions on Modeling and Computer Simulation,1049-3301,NA,ACM,OR,C
Administration and Society,0095-3997,1552-3039,Sage,PubAdm,C
Agricultural Economics,0169-5150,1574-0862,Wiley,AgrEnvEn,C
American Behavioral Scientist,0002-7642,1552-3381,Sage,Theory,C
American Journal of Psychology,0002-9556,1939-8298,Other,SocialPsy,C
American Review of Public Administration,0275-0740,1552-3357,Sage,PubAdm,C
Annals of Regional Science,0570-1864,1432-0592,Springer,UrbReg,C
Antitrust Law Journal,0003-6056,NA,Other,Law,C
Applied Cognitive Psychology,0888-4080,1099-0720,Wiley,SocialPsy,C
Applied Economic Perspectives and Policy,2040-5790,2040-5804,Oxford,AgrEnvEn,C
Applied Economics,0003-6846,1466-4283,Taylor,GenEcon,C
Applied Stochastic Models in Business and Industry,1524-1904,1526-4025,Wiley,EconStat,C
Asian Economic Policy Review,1832-8105,1748-3131,Wiley,PubPolicy,C
ASTIN Bulletin,0515-0361,1783-1350,Cambridge,MarkFin,C
Auditing - A Journal of Practice and Theory,0278-0380,1558-7991,AAA,AccAud,C
Australian Journal of Agricultural and Resource Economics,1364-985X,1467-8489,Wiley,AgrEnvEn,C
B. E. Journal of Economic Analysis and Policy (Advances),2194-6108,1935-1682,Gruyter,Micro,C
B. E. Journal of Economic Analysis and Policy (Contributions),2194-6108,1935-1682,Gruyter,Micro,C
B. E. Journal of Economic Analysis and Policy (Topics),2194-6108,1935-1682,Gruyter,GenEcon,C
B. E. Journal of Macroeconomics (Advances),2194-6116,1935-1690,Gruyter,Macro,C
B. E. Journal of Macroeconomics (Contributions),2194-6116,1935-1690,Gruyter,Macro,C
B. E. Journal of Macroeconomics (Frontiers),2194-6116,1935-1690,Gruyter,Macro,C
B. E. Journal of Macroeconomics (Topics),2194-6116,1935-1690,Gruyter,Macro,C
B. E. Journal of Theoretical Economics (Advances),2194-6124,1935-1704,Gruyter,Theory,C
B. E. Journal of Theoretical Economics (Contributions),2194-6124,1935-1704,Gruyter,Theory,C
B. E. Journal of Theoretical Economics (Frontiers),2194-6124,1935-1704,Gruyter,Theory,C
B. E. Journal of Theoretical Economics (Topics),2194-6124,1935-1704,Gruyter,Theory,C
British Journal of Educational Technology,0007-1013,1467-8535,Wiley,InfSyst,C
Building Research and Information,0961-3218,1466-4321,Taylor,Sector,C
Business History,0007-6791,1743-7938,Taylor,History,C
Business History Review,0007-6805,2044-768X,Cambridge,History,C
Business Horizons,0007-6813,NA,Elsevier,GenMan,C
Canadian Journal of Agricultural Economics / Revue Canadienne d'Agroeconomie,0008-3976,1744-7976,Wiley,AgrEnvEn,C
Career Development International,1362-0436,NA,Emerald,HRM,C
CESifo Economic Studies,1610-241X,1612-7501,Oxford,PubPolicy,C
Cliometrica: Journal of Historical Economics and Econometric History,1863-2505,1863-2513,Springer,History,C
Common Market Law Review,0165-0750,NA,Kluwer,Law,C
Computer Supported Cooperative Work,0925-9724,1573-7551,Springer,InfSyst,C
Computers and Industrial Engineering,0360-8352,NA,Elsevier,ProdOper,C
Computers in Human Behavior,0747-5632,NA,Elsevier,SocialSc,C
Corporate Governance - An International Review,0964-8410,1467-8683,Wiley,OrgPsy,C
Corporate Social Responsibility and Environmental Management,1535-3958,1535-3966,Wiley,Sector,C
Data Base for Advances in Information Systems,0095-0033,NA,ACM,InfSyst,C
De Economist - Netherlands Economic Review,0013-063X,1572-9982,Springer,GenEcon,C
Decision Analysis,1545-8490,1545-8504,Informs,OR,C
Discrete Optimization,1572-5286,NA,Elsevier,OR,C
Dynamic Games and Applications,2153-0785,2153-0793,Springer,Theory,C
Econ Journal Watch,1933-527X,NA,Other,GenEcon,C
Economic and Industrial Democracy,0143-831X,1461-7099,Sage,SocialSc,C
Economic Modelling,0264-9993,NA,Elsevier,GenEcon,C
Economic Record,0013-0249,1475-4932,Wiley,GenEcon,C
Economics and Philosophy,0266-2671,1474-0028,Cambridge,Theory,C
Economics and Politics,0954-1985,1468-0343,Wiley,PubPolicy,C
Economics Letters,0165-1765,NA,Elsevier,GenEcon,C
Economics of Transition,0967-0750,1468-0351,Wiley,DevTrans,C
Electronic Commerce Research and Applications,1567-4223,NA,Elsevier,InfSyst,C
Electronic Markets,1019-6781,1422-8890,Springer,InfSyst,C
Emerging Markets Review,1566-0141,NA,Elsevier,DevTrans,C
Empirical Economics,0377-7332,1435-8921,Springer,EconStat,C
Enterprise and Society,1467-2227,1467-2235,Oxford,History,C
Entrepreneurship and Regional Development,0898-5626,1464-5114,Taylor,InnovEntrSB,C
Environment and Development Economics,1355-770X,1469-4395,Cambridge,AgrEnvEn,C
Environment and Planning B: Planning and Design,0265-8135,1472-3417,Sage,UrbReg,C
Environment and Planning C: Government and Policy,0263-774X,1472-3425,Sage,PubAdm,C
Eurasian Geography and Economics,1538-7216,1938-2863,Taylor,PolitRel,C
European Accounting Review,0963-8180,1468-4497,Taylor,AccAud,C
European Journal of Development Research,0957-8811,1743-9728,Palgrave,DevTrans,C
European Journal of Health Economics,1618-7598,1439-6637,Springer,Health,C
European Journal of Industrial Relations,0959-6801,1461-7129,Sage,HRM,C
European Journal of Marketing,0309-0566,NA,Emerald,Mkt,C
European Journal of Political Economy,0176-2680,NA,Elsevier,PolitRel,C
European Management Journal,0263-2373,NA,Elsevier,GenMan,C
European Management Review,1740-4754,1740-4762,Wiley,GenMan,C
Federal Reserve Bank of St. Louis Review,0014-9187,NA,Other,Macro,C
Feminist Economics,1354-5701,1466-4372,Taylor,SocialSc,C
Fiscal Studies,0143-5671,1475-5890,Wiley,PubPolicy,C
Geneva Risk and Insurance Review,1554-964X,1554-9658,Palgrave,MarkFin,C
German Economic Review,1465-6485,1468-0475,Wiley,GenEcon,C
Group Decision and Negotiation,0926-2644,1572-9907,Springer,OR,C
"Group Dynamics: Theory, Research and Practice",1089-2699,1930-7802,APA,OrgPsy,C
Growth and Change: A Journal of Urban and Regional Policy,0017-4815,1468-2257,Wiley,UrbReg,C
Health Care Management Review,0361-6274,1550-5030,Other,Health,C
Health Care Management Science,1386-9620,1572-9389,Springer,Health,C
"Health Economics, Policy and Law",1744-1331,1099-1050,Wiley,Health,C
Health Policy,0168-8510,NA,Elsevier,Health,C
Higher Education,0018-1560,1573-174X,Springer,SocialSc,C
History of Political Economy,0018-2702,1527-1919,Other,History,C
Housing Studies,0267-3037,1466-1810,Taylor,UrbReg,C
IEEE Transactions on Engineering Management,0018-9391,1558-0040,IEEE,ProdOper,C
"IEEE Transactions on Systems, Man and Cybernetics: Systems 216",8-2216 108,3-4427,IEEE,ProdOper,C
Industrial Marketing Management,0019-8501,NA,Elsevier,Mkt,C
Industry and Innovation,1366-2716,1469-8390,Taylor,InnovEntrSB,C
Information Economics and Policy,0167-6245,NA,Elsevier,Micro,C
Information Processing and Management,0306-4573,NA,Elsevier,InfSyst,C
Information Society,0197-2243,1087-6537,Taylor,InfSyst,C
Information Systems Frontiers,1387-3326,1572-9419,Springer,InfSyst,C
Information Technology and People,0959-3845,NA,Emerald,InfSyst,C
Interfaces,0092-2102,1526-551X,Informs,OR,C
International Business Review,0969-5931,NA,Elsevier,StratIM,C
"International Environmental Agreements: Politics, Law and Economics",1567-9764,1573-1553,Springer,AgrEnvEn,C
International Finance,1367-0271,1468-2362,Wiley,Macro,C
International Journal of Advertising,0265-0487,1759-3948,Taylor,Mkt,C
International Journal of Contemporary Hospitality Management,0959-6119,NA,Emerald,Leisure,C
International Journal of Economic Theory,1742-7355,1742-7363,Wiley,Theory,C
International Journal of Health Care Finance and Economics,1389-6563,1573-6962,Springer,Health,C
International Journal of Hospitality Management,0278-4319,NA,Elsevier,Leisure,C
International Journal of Human Resource Management,0958-5192,1466-4399,Taylor,HRM,C
International Journal of Human-Computer Studies,1071-5819,1095-9300,Elsevier,InfSyst,C
International Journal of Information Management,0268-4012,NA,Elsevier,InfSyst,C
International Journal of Intercultural Relations,0147-1767,NA,Elsevier,PolitRel,C
International Journal of Logistics Management,0957-4093,NA,Emerald,ProdOper,C
International Journal of Manpower,0143-7720,NA,Emerald,HRM,C
International Journal of Operations and Production Management,0144-3577,NA,Emerald,ProdOper,C
International Journal of Physical Distribution and Logistics Management,0960-0035,NA,Emerald,ProdOper,C
International Journal of Production Research,0020-7543,1366-588X,Taylor,ProdOper,C
International Journal of Project Management,0263-7863,NA,Elsevier,ProdOper,C
International Journal of Selection and Assessment,0965-075X,1468-2389,Wiley,HRM,C
International Journal of Tourism Research,1099-2340,1522-1970,Wiley,Leisure,C
International Labour Review,0020-7780,1564-913X,Wiley,LaborPop,C
International Marketing Review,0265-1335,NA,Emerald,Mkt,C
International Public Management Journal,1096-7494,1559-3169,Taylor,PubAdm,C
International Regional Science Review,0160-0176,1552-6925,Sage,UrbReg,C
International Review of Administrative Sciences,0020-8523,1461-7226,Sage,PubAdm,C
International Small Business Journal,0266-2426,1741-2870,Sage,InnovEntrSB,C
International Tax and Public Finance,0927-5940,1573-6970,Springer,PubPolicy,C
International Transactions in Operational Research,0969-6016,1475-3995,Wiley,OR,C
Internet Research,1066-2243,NA,Emerald,InfSyst,C
Journal of Accounting and Public Policy,0278-4254,NA,Elsevier,AccAud,C
Journal of Advanced Transportation,0197-6729,2042-3195,Wiley,Transport,C
Journal of Advertising Research,0021-8499,1740-1909,Cambridge,Mkt,C
Journal of African Economies,0963-8024,1464-3723,Oxford,DevTrans,C
Journal of Agricultural and Resource Economics,1068-5502,NA,Other,AgrEnvEn,C
Journal of Air Transport Management,0969-6997,NA,Elsevier,Transport,C
Journal of Applied Behavioral Science,0021-8863,1552-6879,Sage,OrgPsy,C
Journal of Applied Probability,0021-9002,NA,Other,EconStat,C
Journal of Applied Social Psychology,0021-9029,1559-1816,Wiley,SocialPsy,C
Journal of Business and Industrial Marketing,0885-8624,NA,Emerald,Mkt,C
Journal of Business Ethics,0167-4544,1573-0697,Springer,Sector,C
Journal of Business Finance and Accounting,0306-686X,1468-5957,Wiley,Fin,C
Journal of Business Research,0148-2963,NA,Elsevier,GenMan,C
Journal of Career Assessment,1069-0727,1552-4590,Sage,HRM,C
Journal of Competition Law and Economics,1744-6414,1744-6422,Oxford,Law,C
Journal of Consumer Affairs,0022-0078,1745-6606,Wiley,Mkt,C
Journal of Cultural Economics,0885-2545,1573-6997,Springer,Leisure,C
Journal of Derivatives,1074-1240,2168-8524,IIJ,MarkFin,C
Journal of Development Studies,0022-0388,1743-9140,Taylor,DevTrans,C
Journal of Economics,0931-8658,1617-7134,Springer,GenEcon,C
Journal of Engineering and Technology Management,0923-4748,NA,Elsevier,ProdOper,C
Journal of Environmental Planning and Management,0964-0568,1360-0559,Taylor,AgrEnvEn,C
Journal of Evolutionary Economics,0936-9937,1432-1386,Springer,Micro,C
Journal of Forecasting,0277-6693,1099-131X,Wiley,EconStat,C
Journal of Forest Economics,1104-6899,NA,Elsevier,AgrEnvEn,C
Journal of Futures Markets,0270-7314,1096-9934,Wiley,MarkFin,C
Journal of Happiness Studies,1389-4978,1573-7780,Springer,SocialSc,C
"Journal of Health Politics, Policy and Law",0361-6878,1527-1927,Other,Health,C
Journal of Housing Economics,1051-1377,1096-0791,Elsevier,UrbReg,C
Journal of Institutional and Theoretical Economics,0932-4569,1614-0559,Mohr,Law,C
Journal of International Development,0954-1748,1099-1328,Wiley,DevTrans,C
Journal of International Economic Law,1369-3034,1464-3758,Oxford,Law,C
Journal of Language and Social Psychology,0261-927X,1552-6526,Sage,SocialPsy,C
Journal of Law and Society,0263-323X,1467-6478,Wiley,Law,C
Journal of Macroeconomics,0164-0704,NA,Elsevier,Macro,C
Journal of Managerial Psychology,0268-3946,NA,Emerald,HRM,C
Journal of Mathematical Economics,0304-4068,NA,Elsevier,Theory,C
Journal of Nonparametric Statistics,1048-5252,1029-0311,Taylor,EconStat,C
Journal of Pension Economics and Finance,1474-7472,1475-3022,Cambridge,MarkFin,C
Journal of Personnel Psychology,1866-5888,2190-5150,Other,HRM,C
Journal of Portfolio Management,0095-4918,2168-8656,IIJ,MarkFin,C
Journal of Productivity Analysis,0895-562X,1573-0441,Springer,Micro,C
Journal of Public Economic Theory,1097-3923,1097-3923,Wiley,PubPolicy,C
Journal of Purchasing and Supply Management,1478-4092,NA,Elsevier,ProdOper,C
Journal of Real Estate Finance and Economics,0895-5638,1573-045X,Springer,MarkFin,C
Journal of Risk Research,1366-9877,1466-4461,Taylor,Sector,C
Journal of Safety Research,0022-4375,NA,Elsevier,ProdOper,C
Journal of Service Management,1757-5818,NA,Emerald,Sector,C
Journal of Services Marketing,0887-6045,NA,Emerald,Mkt,C
Journal of Social Policy,0047-2794,1469-7823,Cambridge,SocialSc,C
Journal of Statistical Planning and Inference,0378-3758,NA,Elsevier,EconStat,C
Journal of Systems and Software,0164-1212,NA,Elsevier,InfSyst,C
Journal of Technology Transfer,0892-9912,1573-7047,Springer,InnovEntrSB,C
Journal of the Japanese and International Economies,0889-1583,1095-8681,Elsevier,Macro,C
Journal of the Operational Research Society,0160-5682,1476-9360,Palgrave,OR,C
Journal of Transport Economics and Policy,0022-5258,NA,Other,Transport,C
Journal of Transport Geography,0966-6923,NA,Elsevier,Transport,C
Journal of Travel Research,0047-2875,1552-6763,Sage,Leisure,C
Knowledge Management Research and Practice,1477-8238,1477-8246,Palgrave,OrgPsy,C
Knowledge-Based Systems,0950-7051,NA,Elsevier,InfSyst,C
Labour / Le Travail,0700-3862,1911-4842,Other,History,C
Leisure Sciences,0149-0400,1466-4496,Taylor,Leisure,C
Leisure Studies,0261-4367,2151-2221,Taylor,Leisure,C
Local Government Studies,0300-3930,1743-9388,Taylor,PubAdm,C
Management Accounting Research,1044-5005,1096-1224,Elsevier,AccAud,C
Management Communication Quarterly,0893-3189,1552-6798,Sage,OrgPsy,C
Management Decision,0025-1747,NA,Emerald,GenMan,C
Management International Review,0938-8249,1861-8901,Springer,StratIM,C
Management Learning,1350-5076,1461-7307,Sage,HRM,C
Marine Policy,0308-597X,NA,Elsevier,AgrEnvEn,C
Marine Resource Economics,0738-1360,2334-5985,Chicago,AgrEnvEn,C
Maritime Economics and Logistics,1479-2931,1479-294X,Palgrave,Transport,C
Marketing Theory,1470-5931,1741-301X,Sage,Mkt,C
Mathematical Social Sciences,0165-4896,NA,Elsevier,Theory,C
MIS Quarterly Executive,1540-1960,1540-1979,Other,InfSyst,C
Monthly Labor Review,0098-1818,NA,Other,LaborPop,C
Naval Research Logistics,0894-069X,1520-6750,Wiley,ProdOper,C
"New Technology, Work and Employment",0268-1072,1468-005X,Wiley,HRM,C
Nonprofit and Voluntary Sector Quarterly,0899-7640,1552-7395,Sage,PubAdm,C
Operations Research Letters,0167-6377,NA,Elsevier,OR,C
Organizational Dynamics,0090-2616,NA,Elsevier,OrgPsy,C
Parliamentary Affairs,0031-2290,1460-2482,Oxford,PolitRel,C
Personnel Review,0048-3486,NA,Emerald,HRM,C
Policy and Politics,0305-5736,1470-8442,Wiley,PolitRel,C
Population,0032-4663,1957-7966,Other,LaborPop,C
Population Research and Policy Review,0167-5923,1573-7829,Springer,LaborPop,C
Psychology and Marketing,0742-6046,1520-6793,Wiley,Mkt,C
Public Administration and Development,0271-2075,1099-162X,Wiley,PubAdm,C
Public Management Review,1471-9037,1471-9045,Taylor,PubAdm,C
Public Money and Management,0954-0962,1467-9302,Taylor,PubAdm,C
Rationality and Society,1043-4631,1461-7358,Sage,SocialSc,C
Resources Policy,0301-4207,NA,Elsevier,AgrEnvEn,C
Review of African Political Economy,0305-6244,1740-1720,Taylor,DevTrans,C
Review of Derivatives Research,1380-6645,1573-7144,Springer,MarkFin,C
Review of Economic Design,1434-4742,1434-4750,Springer,Theory,C
Review of Economics of the Household,1569-5239,1573-7152,Springer,LaborPop,C
Review of Industrial Organization,0889-938X,1573-7160,Springer,Micro,C
Review of International Economics,0965-7576,1467-9396,Wiley,Macro,C
Review of Network Economics,2194-5993,1446-9022,Gruyter,Micro,C
Review of Public Personnel Administration,0734-371X,1552-759X,Sage,PubAdm,C
Review of World Economics / Weltwirtschaftliches Archiv,1610-2878,1610-2886,Springer,DevTrans,C
Scandinavian Actuarial Journal,0346-1238,1651-2030,Taylor,MarkFin,C
Scandinavian Journal of Management,0956-5221,NA,Elsevier,GenMan,C
Scientometrics,0138-9130,1588-2861,Springer,InnovEntrSB,C
Scottish Journal of Political Economy,0036-9292,1467-9485,Wiley,GenEcon,C
Small Group Research,1046-4964,1552-8278,Sage,OrgPsy,C
Social Policy and Administration,0144-5596,1467-9515,Wiley,PubAdm,C
Southern Economic Journal,0038-4038,2325-8012,Wiley,GenEcon,C
Spatial Economic Analysis,1742-1772,1742-1780,Taylor,UrbReg,C
Statistics and Probability Letters,0167-7152,NA,Elsevier,EconStat,C
Stress and Health,1532-2998,1532-3005,Wiley,SocialPsy,C
Studies in Nonlinear Dynamics and Econometrics,1081-1826,1558-3708,Gruyter,EconStat,C
Third World Quarterly,0143-6597,1360-2241,Taylor,PolitRel,C
Tijdschrift Voor Economische en Sociale Geografie,0040-747X,1467-9663,Wiley,UrbReg,C
Time and Society,0961-463X,1461-7463,Sage,SocialSc,C
Transport Policy,0967-070X,NA,Elsevier,Transport,C
Utilities Policy,0957-1787,NA,Elsevier,Sector,C
Voluntas - International Journal of Voluntary and Nonprofit Organizations,0957-8765,1573-7888,Springer,PubAdm,C
World Trade Review,1474-7456,1475-3138,Cambridge,Macro,C
Accounting and Finance,0810-5391,1467-629X,Wiley,AccAud,D
Accounting Forum,0155-9982,NA,Elsevier,AccAud,D
Accounting History,1032-3732,1749-3374,Sage,AccAud,D
Accounting History Review,0958-5206,2155-286X,Taylor,AccAud,D
"Accounting, Auditing and Accountability Journal",0951-3574,NA,Emerald,AccAud,D
Action Research,1476-7503,1741-2617,Sage,OrgPsy,D
Advances in Accounting,0882-6110,1046-5715,Elsevier,AccAud,D
Advances in Strategic Management,0742-3322,NA,Emerald,StratIM,D
Agribusiness,0742-4477,1520-6297,Wiley,AgrEnvEn,D
American Business Law Journal,0002-7766,1744-1714,Wiley,Law,D
American Journal of Economics and Sociology,0002-9246,1536-7150,Wiley,SocialSc,D
Annals of Economics and Finance,1529-7373,NA,Other,GenEcon,D
Annals of Finance,1614-2446,1614-2454,Springer,Fin,D
Applied Economics Letters,1350-4851,1466-4291,Taylor,GenEcon,D
Asia Europe Journal,1610-2932,1612-1031,Springer,PolitRel,D
Asia Pacific Business Review,1360-2381,1743-792X,Taylor,StratIM,D
Asia Pacific Journal of Tourism Research,1094-1665,1741-6507,Taylor,Leisure,D
Asian Business and Management,1472-4782,1476-9328,Palgrave,StratIM,D
Asian Economic Journal,1351-3958,1467-8381,Wiley,Macro,D
Asian Economic Papers,1535-3516,1536-0083,MIT,DevTrans,D
Asia-Pacific Journal of Human Resources,1038-4111,1744-7941,Wiley,HRM,D
Australasian Journal of Information Systems,1449-8618,1326-2238,Other,InfSyst,D
Australian Accounting Review,1035-6908,1835-2561,Wiley,AccAud,D
Australian Economic History Review,0004-8992,1467-8446,Wiley,History,D
Australian Economic Papers,0004-900X,1467-8454,Wiley,GenEcon,D
Australian Economic Review,0004-9018,1467-8462,Wiley,GenEcon,D
Australian Journal of Management,0312-8962,1327-2020,Sage,GenMan,D
Behavioral Research in Accounting,1050-4753,1558-8009,AAA,AccAud,D
Behaviour and Information Technology,0144-929X,1362-3001,Taylor,InfSyst,D
British Accounting Review,0890-8389,1095-8347,Elsevier,AccAud,D
Bulletin of Economic Research,0307-3378,1467-8586,Wiley,GenEcon,D
Business and Information Systems Engineering,2363-7005,1867-0202,Springer,InfSyst,D
Business and Politics,1369-5258,1469-3569,Gruyter,PolitRel,D
Business Ethics: A European Review,0962-8770,1467-8608,Wiley,Sector,D
Business Process Management Journal,1463-7154,NA,Emerald,GenMan,D
Canadian Journal of Administrative Sciences / Revue Canadienne d'Etudes des Sciences de l'Administration,0825-0383,1936-4490,Wiley,GenMan,D
Canadian Journal of Development Studies / Revue Canadienne d'Etudes du Développement,0225-5189,2158-9100,Taylor,DevTrans,D
Career Development Quarterly,0889-4019,2161-0045,Wiley,HRM,D
CEPAL Review,0251-2920,0252-0257,Other,DevTrans,D
China Agricultural Economic Review,1756-137X,NA,Emerald,AgrEnvEn,D
China and World Economy,1671-2234,1749-124X,Wiley,Macro,D
Communications of the Association for Information Systems,1529-3181,NA,AIS,InfSyst,D
Comparative Economic Studies,0888-7233,1478-3320,Palgrave,DevTrans,D
Competition and Change,1024-5294,1477-2221,Sage,PolitRel,D
Comptabilité Contrôle Audit,1262-2788,2313-514X,Other,AccAud,D
Computational Economics,0927-7099,1572-9974,Springer,OR,D
Construction Management and Economics,0144-6193,1466-433X,Taylor,Sector,D
"Consumption, Markets and Culture",1025-3866,1477-223X,Taylor,Mkt,D
Contemporary Economic Policy,1074-3529,1465-7287,Wiley,PubPolicy,D
Cornell Hospitality Quarterly,1938-9655,1938-9663,Sage,Leisure,D
Critical Perspectives on Accounting,1045-2354,1095-9955,Elsevier,AccAud,D
Critical Perspectives on International Business,1742-2043,NA,Emerald,StratIM,D
Cross Cultural Management: An International Journal,1352-7606,NA,Emerald,StratIM,D
Culture and Organization,1475-9551,1477-2760,Taylor,OrgPsy,D
Current Issues in Tourism,1368-3500,1747-7603,Taylor,Leisure,D
Decisions in Economics and Finance,1593-8883,1129-6569,Springer,Theory,D
Defence and Peace Economics,1024-2694,1476-8267,Taylor,PolitRel,D
Developing Economies,0012-1533,1746-1049,Wiley,DevTrans,D
Eastern Economic Journal,0094-5056,1939-4632,Palgrave,GenEcon,D
Eastern European Economics,0012-8775,1557-9298,Taylor,DevTrans,D
Economic and Social Review,0012-9984,NA,Other,GenEcon,D
Economic Development Quarterly,0891-2424,1552-3543,Sage,UrbReg,D
Economic Systems,0939-3625,NA,Elsevier,DevTrans,D
"Economics - the Open Access, Open Assessment E-journal",1864-6042,1864-6042,Other,GenEcon,D
Economics Bulletin,1545-2921,NA,Other,GenEcon,D
Economics of Governance,1435-6104,1435-8131,Springer,PubAdm,D
Economics of Innovation and New Technology,1043-8599,1476-8364,Taylor,InnovEntrSB,D
Economie et Statistique,0336-1454,1777-5574,Other,EconStat,D
Education Economics,0964-5292,1469-5782,Taylor,LaborPop,D
Educational Management Administration and Leadership,1741-1432,1741-1440,Sage,HRM,D
eJournal of Tax Research,1448-2398,NA,Other,PubPolicy,D
Electronic Commerce Research,1389-5753,1572-9362,Springer,InfSyst,D
Employee Relations,0142-5455,NA,Emerald,HRM,D
Energy Studies Review,0843-4379,NA,Other,AgrEnvEn,D
Engineering Economics / Inzinerine Ekonomika,1392-2785,2029-5839,Other,GenMan,D
"Engineering, Construction and Architectural Management",0969-998X,1365-232X,Emerald,Sector,D
European Business Organization Law Review,1566-7529,1741-6205,Cambridge,Law,D
European Business Review,0955-534X,NA,Emerald,GenMan,D
European Journal of Finance,1351-847X,1466-4364,Taylor,Fin,D
European Journal of Law and Economics,0929-1261,1572-9990,Springer,Law,D
European Journal of the History of Economic Thought,0967-2567,1469-5936,Taylor,History,D
European Planning Studies,0965-4313,1469-5944,Taylor,UrbReg,D
European Sport Management Quarterly,1618-4742,1746-031X,Taylor,Leisure,D
Europe-Asia Studies,0966-8136,1465-3427,Taylor,PolitRel,D
Evaluation,1356-3890,1461-7153,Sage,SocialSc,D
Event Management,1525-9951,1943-4308,Other,Leisure,D
Finance Research Letters,1544-6123,NA,Elsevier,Fin,D
Financial History Review,0968-5650,1474-0052,Cambridge,History,D
"Financial Markets, Institutions and Instruments",0963-8008,1468-0416,Wiley,MarkFin,D
Financial Review,0732-8516,1540-6288,Wiley,Fin,D
Finanzarchiv,0015-2218,1614-0974,Mohr,PubPolicy,D
Foundations and Trends in Accounting,1554-0642,1554-0650,Now,AccAud,D
Futures,0016-3287,NA,Elsevier,SocialSc,D
Geneva Papers on Risk and Insurance - Issues and Practice,1018-5895,1468-0440,Palgrave,MarkFin,D
History of Economic Ideas,1122-8792,NA,Other,History,D
Human Resource Development Quarterly,1044-8004,1532-1096,Wiley,HRM,D
IEEE Transactions on Professional Communication,0361-1434,1558-1500,IEEE,InfSyst,D
IMA Journal of Management Mathematics,1471-678X,1471-6798,Oxford,GenMan,D
Industrial Law Journal,0305-9332,1464-3669,Oxford,Law,D
Industrial Management and Data Systems,0263-5577,NA,Emerald,ProdOper,D
INFOR: Information Systems and Operational Research,0315-5986,1916-0615,Other,OR,D
Information Systems and E-Business Management,1617-9846,1617-9854,Springer,InfSyst,D
Information Systems Management,1058-0530,1934-8703,Taylor,InfSyst,D
Information Technology for Development,0268-1102,1554-0170,Taylor,InfSyst,D
"Innovation: Management, Policy and Practice",1447-9338,NA,Taylor,InnovEntrSB,D
International Economics,2110-7017,NA,Elsevier,Macro,D
International Game Theory Review,0219-1989,1793-6675,World,Theory,D
International Journal of Accounting,1094-4060,NA,Elsevier,AccAud,D
International Journal of Accounting Information Systems,1467-0895,1740-8016,Elsevier,AccAud,D
International Journal of Auditing,1090-6738,1099-1123,Wiley,AccAud,D
International Journal of Computer Integrated Manufacturing,0951-192X,1362-3052,Taylor,ProdOper,D
International Journal of Conflict Management,1044-4068,NA,Emerald,HRM,D
International Journal of Consumer Studies,1470-6423,1470-6431,Wiley,Mkt,D
International Journal of Entrepreneurial Behavior and Research,1355-2554,NA,Emerald,InnovEntrSB,D
International Journal of Finance and Economics,1076-9307,1099-1158,Wiley,Macro,D
International Journal of Heritage Studies,1352-7258,1470-3610,Taylor,Leisure,D
International Journal of Innovation Management,1363-9196,1757-5877,World,InnovEntrSB,D
International Journal of Logistics Research and Applications,1367-5567,1469-848X,Taylor,ProdOper,D
International Journal of Manufacturing Technology and Management,1368-2148,1741-5195,Inderscience,ProdOper,D
International Journal of Market Research,1470-7853,1470-7853,Other,Mkt,D
International Journal of Public Administration,0190-0692,1532-4265,Taylor,PubAdm,D
International Journal of Public Sector Management,0951-3558,NA,Emerald,PubAdm,D
International Journal of Quality and Reliability Management,0265-671X,NA,Emerald,ProdOper,D
International Journal of Retail and Distribution Management,0959-0552,NA,Emerald,Mkt,D
International Journal of Shipping and Transport Logistics,1756-6517,1756-6525,Inderscience,ProdOper,D
International Journal of Sports Marketing and Sponsorship,1464-6668,NA,Other,Leisure,D
International Journal of Strategic Property Management,1648-715X,1648-9179,Taylor,Sector,D
International Journal of Technology Management,0267-5730,1741-5276,Inderscience,ProdOper,D
International Journal of the Economics of Business,1357-1516,1466-1829,Taylor,Micro,D
International Journal of Theoretical and Applied Finance,0219-0249,1793-6322,World,MarkFin,D
International Journal of Transport Economics,0391-8440,NA,Other,Transport,D
International Labor and Working-Class History,0147-5479,1471-6445,Cambridge,History,D
International Review of Economics and Finance,1059-0560,NA,Elsevier,Macro,D
International Review of Finance,1369-412X,1468-2443,Wiley,Fin,D
International Review of Financial Analysis,1057-5219,NA,Elsevier,Fin,D
International Review of Law and Economics,0144-8188,NA,Elsevier,Law,D
International Studies of Management and Organization,0020-8825,1558-0911,Taylor,StratIM,D
Issues in Accounting Education,0739-3172,1558-7983,AAA,HRM,D
Japan and the World Economy,0922-1425,NA,Elsevier,Macro,D
Japanese Economic Review,1352-4739,1468-5876,Wiley,GenEcon,D
Journal of Accounting Literature,0737-4607,NA,Elsevier,AccAud,D
"Journal of Accounting, Auditing and Finance",0148-558X,NA,Sage,AccAud,D
Journal of Agricultural and Food Industrial Organization,2194-5896,1542-0485,Gruyter,AgrEnvEn,D
Journal of Applied Accounting Research,0967-5426,NA,Emerald,AccAud,D
Journal of Applied Business Research,0892-7626,2157-8834,Other,GenMan,D
Journal of Applied Economics,1514-0326,1667-6726,Elsevier,GenEcon,D
Journal of Applied Statistics,0266-4763,1360-0532,Taylor,EconStat,D
Journal of Asset Management,1470-8272,1479-179X,Palgrave,MarkFin,D
Journal of Australian Political Economy,0156-5826,NA,Other,PolitRel,D
Journal of Behavioral and Experimental Economics,2214-8043,NA,Elsevier,Theory,D
Journal of Behavioral FInance,1542-7560,1542-7579,Taylor,Fin,D
Journal of Brand Management,1350-231X,1479-1803,Palgrave,Mkt,D
Journal of Business and Technical Communication,1050-6519,1552-4574,Sage,InfSyst,D
Journal of Business Economics and Management,1611-1699,2029-4433,Taylor,DevTrans,D
Journal of Business Strategy,0275-6668,NA,Emerald,StratIM,D
Journal of Business-to-Business Marketing,1051-712X,1547-0628,Taylor,Mkt,D
Journal of Career Development,0894-8453,1573-3548,Sage,HRM,D
Journal of Computer Information Systems,0887-4417,NA,Other,InfSyst,D
Journal of Construction Engineering and Management,0733-9364,1943-7862,ASCE,Sector,D
Journal of Contemporary Accounting and Economics,1815-5669,NA,Elsevier,AccAud,D
Journal of Demographic Economics,2054-0892,2054-0906,Cambridge,LaborPop,D
Journal of Economic Education,0022-0485,2152-4068,Taylor,LaborPop,D
Journal of Economic Integration,1225-651X,1976-5525,Other,Macro,D
Journal of Economic Interaction and Coordination,1860-711X,1860-7128,Springer,Theory,D
Journal of Economic Issues,0021-3624,1946-326X,Taylor,SocialSc,D
Journal of Economic Methodology,1350-178X,1469-9427,Taylor,Theory,D
Journal of Economic Policy Reform,1748-7870,1748-7889,Taylor,PubPolicy,D
Journal of Economics and Statistics / Jahrbücher für Nationalökonomie und Statistik,0021-4027,NA,Other,GenEcon,D
Journal of Electronic Commerce Research,1938-9027,1526-6133,Other,InfSyst,D
Journal of Employment Counseling,0022-0787,2161-1920,Wiley,HRM,D
Journal of Enterprise Information Management,1741-0398,NA,Emerald,InfSyst,D
Journal of Financial Research,0270-2592,1475-6803,Wiley,Fin,D
Journal of Fixed Income,1059-8596,2168-8648,IIJ,MarkFin,D
Journal of Global Information Management,1062-7375,1533-7995,IGI,InfSyst,D
Journal of Hospitality and Tourism Research,1096-3480,1557-7554,Sage,Leisure,D
Journal of Hospitality Marketing and Management,1936-8623,1936-8631,Taylor,Leisure,D
Journal of Human Capital,1932-8575,1932-8664,Chicago,LaborPop,D
Journal of Industrial and Management Optimization,1547-5816,1553-166X,Other,OR,D
Journal of Industrial Relations,0022-1856,1472-9296,Sage,HRM,D
Journal of Institutional Economics,1744-1374,1744-1382,Cambridge,Law,D
Journal of International Accounting Research,1542-6297,1558-8025,AAA,AccAud,D
"Journal of International Accounting, Auditing and Taxation",1061-9518,NA,Elsevier,AccAud,D
Journal of International Entrepreneurship,1570-7385,1573-7349,Springer In,novEntrSB,D
Journal of International Financial Management and Accounting,0954-1314,1467-646X,Wiley,AccAud,D
"Journal of International Financial Markets, Institutions and Money",1042-4431,NA,Elsevier,Macro,D
Journal of International Trade and Economic Development,0963-8199,1469-9559,Taylor,DevTrans,D
Journal of Knowledge Management,1367-3270,NA,Emerald,OrgPsy,D
Journal of Labor Research,0195-3613,1936-4768,Springer,HRM,D
Journal of Leisure Research,0022-2216,2159-6417,Other,Leisure,D
Journal of MacroMarketing,0276-1467,1552-6534,Sage,Mkt,D
Journal of Management Accounting Research,1049-2127,1558-8033,AAA,AccAud,D
Journal of Management and Organization,1833-3672,1839-3527,Cambridge,OrgPsy,D
Journal of Management in Engineering,0742-597X,1943-5479,ASCE,Sector,D
Journal of Manufacturing Systems,0278-6125,NA,Elsevier,ProdOper,D
Journal of Marketing Management,0267-257X,1472-1376,Taylor,Mkt,D
Journal of Marketing Theory and Practice,1069-6679,1944-7175,Taylor,Mkt,D
Journal of Media Economics,0899-7764,1532-7736,Taylor,Sector,D
Journal of Multinational Financial Management,1042-444X,NA,Elsevier,MarkFin,D
Journal of Operational Risk,1744-6740,NA,Risk,MarkFin,D
Journal of Organizational and End User Computing,1546-2234,1546-5012,IGI,InfSyst,D
Journal of Organizational Behavior Management,0160-8061,1540-8604,Taylor,OrgPsy,D
Journal of Organizational Change Management,0953-4814,NA,Emerald,OrgPsy,D
Journal of Personal Selling and Sales Management,0885-3134,1557-7813,Taylor,Mkt,D
Journal of Policy Modeling,0161-8938,NA,Elsevier,PubPolicy,D
Journal of Post Keynesian Economics,0160-3477,1557-7821,Taylor,Macro,D
Journal of Professional Issues in Engineering Education and Practice,1052-3928,1943-5541,ASCE,Sector,D
Journal of Retailing and Consumer Services,0969-6989,NA,Elsevier,Mkt,D
Journal of Risk,1465-1211,NA,Risk,MarkFin,D
Journal of Sport Management,0888-4773,1543-270X,Other,Leisure,D
Journal of Sports Economics,1527-0025,1552-7794,Sage,Leisure,D
Journal of Strategic Marketing,0965-254X,1466-4488,Taylor,Mkt,D
Journal of the American Taxation Association,0198-9073,1558-8017,AAA,AccAud,D
Journal of the Asia Pacific Economy,1354-7860,1469-9648,Taylor,DevTrans,D
Journal of the Economic and Social History of the Orient,0022-4995,1568-5209,Other,History,D
Journal of the History of Economic Thought,1053-8372,1469-9656,Cambridge,History,D
Journal of Travel and Tourism Marketing,1054-8408,1540-7306,Taylor,Leisure,D
Journal of Vacation Marketing,1356-7667,1479-1870,Sage,Leisure,D
Journal of World Trade,1011-6702,NA,Kluwer,Law,D
Labor History,0023-656X,1469-9702,Taylor,History,D
Labour History,0023-6942,1469-9702,Other,History,D
Labour: Review of Labour Economics and Industrial Relations,1121-7081,1467-9914,Wiley,LaborPop,D
Leadership,1742-7150,1742-7169,Sage,OrgPsy,D
Legal Issues of Economic Integration,0377-0915,NA,Kluwer,Law,D
Managerial and Decision Economics,0143-6570,1099-1468,Wiley,Theory,D
Managerial Auditing Journal,0268-6902,NA,Emerald,AccAud,D
Managing Service Quality,0960-4529,NA,Emerald,ProdOper,D
Manchester School,1463-6786,1467-9957,Wiley,GenEcon,D
Marketing Intelligence and Planning,0263-4503,NA,Emerald,Mkt,D
Metroeconomica,0026-1386,1467-999X,Wiley,GenEcon,D
National Tax Journal,0028-0283,NA,Other,PubPolicy,D
NBER Macroeconomics Annual,0889-3365,1537-2642,Chicago,Macro,D
Negotiation Journal,0748-4526,1571-9979,Wiley,OrgPsy,D
Nonprofit Management and Leadership,1048-6682,1542-7854,Wiley,PubAdm,D
North American Actuarial Journal,1092-0277,2325-0453,Taylor,MarkFin,D
Open Economies Review,0923-7992,1573-708X,Springer,Macro,D
Organization and Environment,1086-0266,1552-7417,Sage,OrgPsy,D
Oxford Development Studies,1360-0818,1469-9966,Taylor,DevTrans,D
Pacific Economic Review,1361-374X,1468-0106,Wiley,Macro,D
Pacific-Basin Finance Journal,0927-538X,NA,Elsevier,MarkFin,D
Policy Studies,0144-2872,1470-1006,Taylor,PolitRel,D
Political Quarterly,0032-3179,1467-923X,Wiley,PolitRel,D
"Politics, Philosophy and Economics",1470-594X,1741-3060,Sage,PolitRel,D
Portuguese Economic Journal,1617-982X,1617-9838,Springer,GenEcon,D
Post-Communist Economies,1463-1377,1465-3958,Taylor,DevTrans,D
Post-Soviet Affairs,1060-586X,1938-2855,Taylor,PolitRel,D
Production Planning and Control,0953-7287,1366-5871,Taylor,ProdOper,D
Project Management Journal,8756-9728,1938-9507,Wiley,ProdOper,D
Public Organization Review,1566-7170,1573-7098,Springer,PubAdm,D
Public Performance and Management Review,1530-9576,1557-9271,Taylor,PubAdm,D
Public Relations Review,0363-8111,NA,Elsevier,OrgPsy,D
Qualitative Market Research,1352-2752,NA,Emerald,Mkt,D
Quarterly Review of Economics and Finance,1062-9769,NA,Elsevier,Fin,D
Relations Industrielles / Industrial Relations,0034-379X,1703-8138,Other,HRM,D
Research - Technology Management,0895-6308,1930-0166,Other,InnovEntrSB,D
Research in Economic History,0363-3268,NA,Emerald,History,D
Research in Economics,1090-9443,1090-9451,Elsevier,GenEcon,D
Research in International Business and Finance,0275-5319,NA,Elsevier,Fin,D
Research in Law and Economics,0193-5895,NA,Emerald,Law,D
Research in the Sociology of Organizations,0733-558X,NA,Emerald,OrgPsy,D
Review of Austrian Economics,0889-3047,1573-7128,Springer,GenEcon,D
Review of Development Economics,1363-6669,1467-9361,Wiley,DevTrans,D
Review of Law and Economics,2194-6000,1555-5879,Gruyter,Law,D
Review of Managerial Science,1863-6683,1863-6691,Springer,GenMan,D
Review of Political Economy,0953-8259,1465-3982,Taylor,PolitRel,D
Review of Quantitative Finance and Accounting,0924-865X,1573-7179,Springer,Fin,D
Review of Radical Political Economics,0486-6134,1552-8502,Sage,PolitRel,D
Review of Social Economy,0034-6764,1470-1162,Taylor,SocialSc,D
Revista de Historia Economica - Journal of Iberian and Latin American Economic History,0212-6109,2041-3335,Cambridge,History,D
Revue d'Economie du Development,1245-4060,1782-1517,Boeck,DevTrans,D
Revue d'Economie Industrielle,0154-3229,1773-0198,Other,Micro,D
Revue d'Economie Politique,0373-2630,2105-2883,Other,GenEcon,D
Revue Economique,0035-2764,1950-6694,Other,GenEcon,D
Revue Internationale de Droit Economique,1010-8831,1782-1525,Boeck,Law,D
Scandinavian Journal of Hospitality and Tourism,1502-2250,1502-2269,Taylor,Leisure,D
Scandinavian Journal of Information Systems,0905-0167,1901-0990,AIS,InfSyst,D
Science and Society,0036-8237,NA,Other,SocialSc,D
"Science, Technology and Society",0971-7218,0973-0796,Sage,SocialSc,D
SERIEs - Journal of the Spanish Economic Association,1869-4187,1869-4195,Springer,GenEcon,D
Service Industries Journal,0264-2069,1743-9507,Taylor,Sector,D
Sociologie du Travail,0038-0296,NA,Elsevier,SocialSc,D
South African Journal of Economics,0038-2280,1813-6982,Wiley,GenEcon,D
Sport Management Review,1441-3523,NA,Elsevier,Leisure,D
Structural Change and Economic Dynamics,0954-349X,NA,Elsevier,DevTrans,D
"Sustainability Accounting, Management and Policy Journal",2040-8021,NA,Emerald,AgrEnvEn,D
System Dynamics Review,0883-7066,1099-1727,Wiley,OR,D
Systemic Practice and Action Research,1094-429X,1573-9295,Springer,OrgPsy,D
Systems Research and Behavioral Science,1092-7026,1099-1743,Wiley,OrgPsy,D
Technological and Economic Development of Economy,2029-4913,2029-4921,Taylor,DevTrans,D
Technology Analysis and Strategic Management,0953-7325,1465-3990,Taylor,StratIM,D
Thunderbird International Business Review,1096-4762,1520-6874,Wiley,StratIM,D
Total Quality Management and Business Excellence,1478-3363,1478-3371,Taylor,ProdOper,D
Tourism Analysis,1083-5423,1943-3999,Other,Leisure,D
Tourism Economics,1354-8166,2044-0375,Other,Leisure,D
Tourism Geographies,1461-6688,1470-1340,Taylor,Leisure,D
Transportation Journal,0041-1612,2157-328X,Other,Transport,D
Visitor Studies,1064-5578,1934-7715,Taylor,Leisure,D
Zeitschrift fur Personalforschung / German Journal of Research in Human Resource Management,0179-6437,1862-0000,Other,HRM,D
